<?xml version="1.0" encoding="UTF-8"?>
<!DOCTYPE mapper
  PUBLIC "-//mybatis.org//DTD Mapper 3.0//EN"
  "http://mybatis.org/dtd/mybatis-3-mapper.dtd">
<mapper namespace="com.tech.repository.mapper.BoardMapper">
	<select id="getHotDealBoardList" parameterType="string"
		resultType="Board">
		SELECT * FROM board where b_category = '꿀딜/장터' order by b_seq desc LIMIT 0,3
	</select>
	<select id="getBestBoardListByCate" parameterType="string"
		resultType="Board">
		SELECT * FROM board where b_category = #{value} order by b_recommed desc
		LIMIT 0,10
	</select>






	<select id="getBoardByUserName" parameterType="string"
		resultType="Board">
		select * from board where b_writer = #{value}
	</select>
	<select id="getBoardByUserName_P" parameterType="Pagination"
		resultType="Board">
		select * from board where b_writer = #{writer} order
		by
		b_seq desc
		LIMIT #{startList}, #{listSize}
	</select>
	
	<select id="getBoardByTitle" parameterType="string"
		resultType="Board">
		select * from board where `b_title` like concat('%',#{value},'%');
	</select>
	<select id="getBoardByTitleText" parameterType="Board"
		resultType="Board">
		select * from board where `b_category` = #{b_category} and (`b_title` like
		concat('%',#{keyword},'%') or `b_text` like concat('%',#{keyword},'%')) order by b_seq desc
	</select>



	<select id="getBoardListByCate" parameterType="string"
		resultType="Board">
		select * from board
		where b_category = #{value}
		order by
		b_seq desc
	</select>
	
	<select id="getBoardList" resultType="Board">
		select * from board order
		by
		b_seq desc
	</select>
	
	<select id="getBoardListByCategoryKeywordNumber" parameterType="Board" resultType="Board">
		select * from board where b_category=#{b_category} order
		by
		${keyword} desc
		limit 0,#{listSize}
	</select>
	
		<select id="getBoardLists" parameterType="Pagination" resultType="Board">
		select * from board where b_category = #{category} order
		by
		b_seq desc
		LIMIT #{startList}, #{listSize}
	</select>
	
<select id="getBoardListsBySearch" parameterType="Pagination" resultType="Board">	
		select * from board where b_category = #{category} and (`b_title` like
		concat('%',#{keyword},'%') or `b_text` like concat('%',#{keyword},'%')) order
		by
		b_seq desc
		LIMIT #{startList}, #{listSize}
	</select>
	
	<select id="getBoardListCnt" resultType="int"> 
		SELECT count(*) as
		listCnt FROM board

	</select>
	<select id="getBoardById" parameterType="int" resultType="Board">
		select
		* from board where b_seq=#{value}
	</select>
	<insert id="insertBoard" parameterType="Board">
		insert into
		board(b_writer, b_title,b_text,
		b_uploadImg, b_category)
		values(#{b_writer},#{b_title},#{b_text},#{b_uploadImg},#{b_category})
		<selectKey resultType="String" keyProperty="b_seq"
			order="AFTER">
			SELECT LAST_INSERT_ID()
		</selectKey>

	</insert>
	<update id="updateBoard" parameterType="Board">
		update board set
		b_title=
		#{b_title},
		b_text=#{b_text}, b_uploadImg=#{b_uploadImg},
		b_category=#{b_category}
		where b_seq = #{b_seq}
	</update>
	<update id="upViews" parameterType="int">
		update board set b_views =
		b_views+1 where b_seq = #{value}
	</update>
	<update id="downViews" parameterType="int">
		update board set b_views =
		b_views-1 where b_seq = #{value}
	</update>
	<update id="upRecommend" parameterType="int">
		update board set
		b_recommed = b_recommed+1 where b_seq = #{value}
	</update>
	<delete id="deleteBoard" parameterType="int">
		delete from board where
		b_seq = #{value}
	</delete>
	
	<select id="getUserBoardList" resultType="com.tech.vo.BoardVO">
		select * from board where b_writer = #{value}
	</select>
</mapper>