<?xml version="1.0" encoding="UTF-8"?>
<!DOCTYPE mapper
  PUBLIC "-//mybatis.org//DTD Mapper 3.0//EN"
  "http://mybatis.org/dtd/mybatis-3-mapper.dtd">
<mapper namespace="com.tech.repository.mapper.MemberMapper">
	<resultMap type="com.tech.vo.UserVO" id="UserInfo">
		<id property="id" column="id"/>
		<result property="password" column="password"/>
		<result property="name" column="name"/>
		<result property="point" column="point"/>
		<result property="rank" column="rank"/>
		<result property="blacklist" column="blacklist"/>
		<result property="tel" column="tel"/>
		<result property="post" column="post"/>
		<result property="addr" column="addr"/>
		<result property="addr2" column="addr2"/>
		<result property="ticket" column="ticket"/>
		<result property="profileimg" column="profileimg"/>
		<result property="boardCnt" column="boardCnt"/>
		<result property="tradeCnt" column="tradeCnt"/>
		<result property="commentCnt" column="commentCnt"/>
	</resultMap>

		<!-- 회원 가입 -->
	<insert id="memberJoin">
 		INSERT INTO user(`id`, `password`, `name`, `email`, `profileimg`, `tel`, `post`, `addr`, `addr2`, `mail_key`)
 		 values(#{id}, #{password}, #{name}, #{email}, #{profileimg}, #{tel}, #{post}, #{addr}, #{addr2}, #{mail_key})
	</insert>
	
	  	<!-- 아이디 중복검사 -->
  	<select id="idCheck" resultType="int">
  		select count(*) from user where id = #{id}
  	</select>
	
	  	<!-- 닉네임 중복검사 -->
  	<select id="nameCheck" resultType="int">
  		select count(*) from user where name = #{name}
  	</select>
  		<!-- 로그인 -->
  	<select id="memberLogin" resultType="com.tech.vo.UserVO">
  		select * from user where id = #{id}
  	</select>
  	
  	<select id="memberBlack" resultType="int">
  		select blacklist from user where id = #{id}
  	</select>
  		<!-- 회원 수정 -->
  	<update id="memberEdit">
  		UPDATE user SET `password`=#{password}, `name`=#{name}, `profileimg`=#{profileimg}, 
  		`tel`=#{tel}, `post`=#{post}, `addr`=#{addr}, `addr2`=#{addr2} WHERE `id` = #{id}
  	</update>
  		<!-- 회원 탈퇴 -->
  	<delete id="memberDel">
  		DELETE FROM user WHERE `id`=#{id}
  	</delete>
  	
  	<select id="getInfo" resultMap="UserInfo">
  		SELECT * FROM user WHERE id = #{id} 
  	</select>
  	
  	<select id="loadmember" resultMap="UserInfo">
  		select u.*,
		(select count(*) from `comment` where c_writer = u.name) as commentCnt,
		(select count(*) from `board` where b_writer = u.name) as boardCnt,
		(select count(*) from `trade` where t_writer = u.name) as tradeCnt
		from `user` u order by u.id desc
  	</select>
  	
  	<update id="successId">
  		UPDATE user SET blacklist = 0 WHERE id = #{id}
  	</update>
  	
  	<update id="failed">
  		UPDATE user SET blacklist = 1 WHERE id = #{id}
  	</update>
  	
  	<update id="updateMailKey" parameterType="com.tech.vo.UserVO">
  		UPDATE user SET mail_key=#{mail_key} WHERE email=#{email}
  	</update>
  	
  	<update id="updateMailAuth" parameterType="com.tech.vo.UserVO">
  		UPDATE user SET mail_auth=1 WHERE email=#{email} and mail_key=#{mail_key}
  	</update>
  	
  	<select id="emailAuthFail" parameterType="String" resultType="int">
  		SELECT count(*) FROM user WHERE id=#{id} and mail_auth=1
  	</select>
  	
  	<select id="findid" parameterType="com.tech.vo.UserVO" resultType="int">
  		SELECT count(*) FROM user WHERE id=#{id} and email=#{email}
  	</select>
  	
  	<update id="chgpw">
  		UPDATE user SET password=#{password} WHERE id=#{id}
  	</update>
	
</mapper>
