<?xml version="1.0" encoding="UTF-8"?>
<beans xmlns="http://www.springframework.org/schema/beans"
	xmlns:xsi="http://www.w3.org/2001/XMLSchema-instance"
	xmlns:mybatis-spring="http://mybatis.org/schema/mybatis-spring"
	xmlns:context="http://www.springframework.org/schema/context"
	xmlns:jdbc="http://www.springframework.org/schema/jdbc"
	xsi:schemaLocation="http://www.springframework.org/schema/jdbc http://www.springframework.org/schema/jdbc/spring-jdbc-4.3.xsd
		http://mybatis.org/schema/mybatis-spring http://mybatis.org/schema/mybatis-spring-1.2.xsd
		http://www.springframework.org/schema/beans https://www.springframework.org/schema/beans/spring-beans.xsd
		http://www.springframework.org/schema/context http://www.springframework.org/schema/context/spring-context-4.3.xsd">


    <!-- email 인증 관련   -->
    <bean id="mailSender" class="org.springframework.mail.javamail.JavaMailSenderImpl">
        <property name="host" value="smtp.gmail.com" />
        <property name="port" value="587" />
        <property name="username" value="sko03kim477@gmail.com"/>
        <property name="password" value="jlbhilzhkcijamuy" />
        <property name="javaMailProperties">
            <props>
                <prop key="mail.transport.protocol">smtp</prop>
                <prop key="mail.smtp.auth">true</prop>
                <prop key="mail.smtp.socketFactory.class">javax.net.ssl.SSLSocketFactory</prop>
                <prop key="mail.smtp.starttls.enable">true</prop>
                <prop key="mail.debug">true</prop>
                <prop key="mail.smtp.ssl.trust">smtp.gmail.com</prop>
                <prop key="mail.smtp.ssl.protocols">TLSv1.2</prop>
            </props>
        </property>
    </bean>

	<!-- Root Context: defines shared resources visible to all other web components -->

	<bean id="hikariConfig" class="com.zaxxer.hikari.HikariConfig">
		<property name="driverClassName"
			value="com.mysql.cj.jdbc.Driver"></property>
		<property name="jdbcUrl"
			value="jdbc:mysql://localhost:3306/techhouse?allowMultiQueries=true&amp;serverTimezone=Asia/Seoul"></property>
		<property name="username" value="root"></property>
		<property name="password" value="root"></property>
	</bean>

	<bean id="datasource" class="com.zaxxer.hikari.HikariDataSource"
		destroy-method="close">
		<constructor-arg ref="hikariConfig"></constructor-arg>
	</bean>

	<bean id="sqlSessionFactory"
		class="org.mybatis.spring.SqlSessionFactoryBean">
		<property name="dataSource" ref="datasource"></property>



		<!-- 추가함 -->
		<property name="configLocation"
			value="classpath:config/mybatis-config.xml" />

		<property name="mapperLocations">
			<list>
			<value>classpath:com/tech/repository/mapper/TradeMapper.xml</value>
				<value>classpath:com/tech/repository/mapper/BoardMapper.xml</value>		
				<value>classpath:com/tech/repository/mapper/ProductMapper.xml</value>		
				<value>classpath:com/tech/repository/mapper/ApplyMapper.xml</value>	
				<value>classpath:com/tech/repository/mapper/QnaMapper.xml</value>
				<value>classpath:com/tech/repository/mapper/CommentMapper.xml</value>
				<value>classpath:com/tech/repository/mapper/ImageMapper.xml</value>
				
			</list>
		</property>
		<!-- 여기까지 -->
	</bean>
	<!-- 파일업로드 api -->
	<bean id="multipartResolver" class="org.springframework.web.multipart.commons.CommonsMultipartResolver">
		<property name="maxUploadSize" value="50000000" />	<!-- 제한용량 50mb -->
		<property name="defaultEncoding" value="utf-8" />	
	</bean>
	<!-- 여기까지 -->
	<mybatis-spring:scan
		base-package="com.tech.repository.mapper" />
	<context:component-scan
		base-package="com.tech.vo"></context:component-scan>
	<context:component-scan
		base-package="com.tech.service"></context:component-scan>
</beans>
